"base_gene_name","X10_S254_allelic_expression_ratio","WT_M3_S255_allelic_expression_ratio","X12_S256_allelic_expression_ratio","WT_F1_S245_allelic_expression_ratio","X2_S246_allelic_expression_ratio","X3_S247_allelic_expression_ratio","X4_S248_allelic_expression_ratio","WT_M1_S249_allelic_expression_ratio","WT_M2_S250_allelic_expression_ratio","X7_S251_allelic_expression_ratio","WT_F2_S252_allelic_expression_ratio","WT_F3_S253_allelic_expression_ratio","X10_S254_imprinting_status","WT_M3_S255_imprinting_status","X12_S256_imprinting_status","WT_F1_S245_imprinting_status","X2_S246_imprinting_status","X3_S247_imprinting_status","X4_S248_imprinting_status","WT_M1_S249_imprinting_status","WT_M2_S250_imprinting_status","X7_S251_imprinting_status","WT_F2_S252_imprinting_status","WT_F3_S253_imprinting_status","Status","Expressed_Allele","source","WT_F_avg","WT_M_avg","WT_Overall_avg","Expression_Pattern","WT_Female_Consistent","WT_Male_Consistent"
"Adam23",-0.112717164697707,-0.0980458793542906,-0.140004189651561,-0.11365227537923,-0.146815603758064,-0.189078808047194,-0.179647218453189,-0.0962731300495178,-0.108007584597433,-0.117160541162294,-0.109451120493667,-0.0781695766290083,"Not Imprinted","Not Imprinted","Not Imprinted","Not Imprinted","Not Imprinted","Not Imprinted","Not Imprinted","Not Imprinted","Not Imprinted","Not Imprinted","Not Imprinted","Not Imprinted","Imprinted","Paternal","imprinted_gene_list",-0.100424324167302,-0.100775531333747,-0.100599927750524,"Does Not Match","Yes","Yes"
"Ampd3",-0.0424242424242424,-0.108932461873638,0.112574850299401,-0.129431162407255,0.0339279468345575,-0.172727272727273,0.0146777281429483,0.119029567854435,0.121084618980832,-0.272567922874671,-0.0281456953642384,-0.147815679233992,"Not Imprinted","Not Imprinted","Not Imprinted","Not Imprinted","Not Imprinted","Not Imprinted","Not Imprinted","Not Imprinted","Not Imprinted","Not Imprinted","Not Imprinted","Not Imprinted","Imprinted","Maternal","imprinted_gene_list",-0.101797512335162,0.0437272416538763,-0.0290351353406427,"Does Not Match","Yes","Yes"
"Ano1",-0.55,1,-0.281767955801105,-0.305164319248826,-0.135734072022161,0.0062111801242236,-0.362962962962963,-0.358024691358025,0.0849315068493151,-0.170506912442396,-0.329545454545455,-0.317073170731707,"Not Imprinted","Paternally Imprinted","Not Imprinted","Not Imprinted","Not Imprinted","Not Imprinted","Not Imprinted","Not Imprinted","Not Imprinted","Not Imprinted","Not Imprinted","Not Imprinted","Imprinted","Maternal","imprinted_gene_list",-0.317260981508663,0.24230227183043,-0.0374793548391163,"Does Not Match","Yes","No"
"Aqp1",0.187224669603524,-0.00397877984084881,1,0.0871934604904632,0.126674320704171,-0.11864406779661,1,0.0852575488454707,0.00625,0,1,0.0671406003159558,"Not Imprinted","Not Imprinted","Paternally Imprinted","Not Imprinted","Not Imprinted","Not Imprinted","Paternally Imprinted","Not Imprinted","Not Imprinted","Not Imprinted","Paternally Imprinted","Not Imprinted","Imprinted","Maternal","imprinted_gene_list",0.384778020268806,0.029176256334874,0.20697713830184,"Does Not Match","No","Yes"
"Asb4",1,1,1,1,1,1,1,1,1,1,1,1,"Paternally Imprinted","Paternally Imprinted","Paternally Imprinted","Paternally Imprinted","Paternally Imprinted","Paternally Imprinted","Paternally Imprinted","Paternally Imprinted","Paternally Imprinted","Paternally Imprinted","Paternally Imprinted","Paternally Imprinted","Biallelic","Maternal","imprinted_brain",1,1,1,"Matches Maternal","Yes","Yes"
"Ascl2",1,1,1,1,1,1,1,1,1,1,1,1,"Paternally Imprinted","Paternally Imprinted","Paternally Imprinted","Paternally Imprinted","Paternally Imprinted","Paternally Imprinted","Paternally Imprinted","Paternally Imprinted","Paternally Imprinted","Paternally Imprinted","Paternally Imprinted","Paternally Imprinted","Imprinted","Maternal","imprinted_gene_list",1,1,1,"Matches Maternal","Yes","Yes"
"Axl",0.0836682499086591,0.144761904761905,0.0328523180841265,0.138634764250528,0.0344965904532692,0.0790816326530612,0.0754716981132075,0.0974327250231983,0.0167364016736402,0.0980645161290323,0.160583941605839,0.0289722476364745,"Not Imprinted","Not Imprinted","Not Imprinted","Not Imprinted","Not Imprinted","Not Imprinted","Not Imprinted","Not Imprinted","Not Imprinted","Not Imprinted","Not Imprinted","Not Imprinted","Imprinted","Maternal","imprinted_gene_list",0.109396984497614,0.0863103438195812,0.0978536641585975,"Does Not Match","Yes","Yes"
"Begain",-0.58043758043758,-0.163602513381429,-0.55956678700361,-0.592348565356004,-0.295905347407493,-0.23830985915493,-0.695110615356014,-0.118867924528302,-0.535791237730429,-0.692813527477689,-0.0981243830207305,-0.575333105568842,"Not Imprinted","Not Imprinted","Not Imprinted","Not Imprinted","Not Imprinted","Not Imprinted","Not Imprinted","Not Imprinted","Not Imprinted","Not Imprinted","Not Imprinted","Not Imprinted","Imprinted - Isoform Dependent","Paternal","imprinted_gene_list",-0.421935351315192,-0.272753891880053,-0.347344621597623,"Does Not Match","Yes","Yes"
"Blcap",0.349331878920098,0.241730279898219,0.297173144876325,0.214527027027027,0.36983582897348,0.305347326336832,0.23743119266055,0.0759818432997829,0.192800846959181,0.102445777572681,0.292147806004619,0.312820512820513,"Not Imprinted","Not Imprinted","Not Imprinted","Not Imprinted","Not Imprinted","Not Imprinted","Not Imprinted","Not Imprinted","Not Imprinted","Not Imprinted","Not Imprinted","Not Imprinted","Imprinted-flipped","Maternal","imprinted_brain",0.273165115284053,0.170170990052394,0.221668052668224,"Does Not Match","Yes","Yes"
"Ccdc40",-0.0201342281879195,0.0925925925925926,0.251908396946565,0.106382978723404,0.173447537473233,0.164658634538153,0.648351648351648,-0.0769230769230769,0.053030303030303,1,0.432835820895522,-0.145833333333333,"Not Imprinted","Not Imprinted","Not Imprinted","Not Imprinted","Not Imprinted","Not Imprinted","Not Imprinted","Not Imprinted","Not Imprinted","Paternally Imprinted","Not Imprinted","Not Imprinted","Imprinted","Paternal","imprinted_gene_list",0.131128488761864,0.0228999395666062,0.0770142141642353,"Does Not Match","Yes","Yes"
"Cd81",0.214974475326149,0.320600018634119,0.333152872707586,0.340620420127015,0.15881809787627,0.2753223471006,0.0717587939698492,0.139995707847486,0.0923466160657812,0.194132102166952,0.103575650118203,0.215968661789274,"Not Imprinted","Not Imprinted","Not Imprinted","Not Imprinted","Not Imprinted","Not Imprinted","Not Imprinted","Not Imprinted","Not Imprinted","Not Imprinted","Not Imprinted","Not Imprinted","Imprinted","Maternal","imprinted_gene_list",0.220054910678164,0.184314114182462,0.202184512430313,"Does Not Match","Yes","Yes"
"Cdh15",1,-0.902439024390244,-0.986754966887417,-0.942857142857143,-0.931623931623932,1,-1,1,-0.920792079207921,-0.952941176470588,-1,-0.936842105263158,"Paternally Imprinted","Maternally Imprinted","Maternally Imprinted","Maternally Imprinted","Maternally Imprinted","Paternally Imprinted","Maternally Imprinted","Paternally Imprinted","Maternally Imprinted","Maternally Imprinted","Maternally Imprinted","Maternally Imprinted","Imprinted","Paternal","imprinted_gene_list",-0.959899749373434,-0.274410367866055,-0.617155058619744,"Does Not Match","Yes","No"
"Cdkn1c",0.855822550831793,0.865470852017937,0.795454545454545,0.958982772764561,0.983739837398374,0.913357400722022,0.927835051546392,0.960238568588469,0.846979865771812,0.760299625468165,0.738562091503268,0.93491124260355,"Paternally Imprinted","Paternally Imprinted","Paternally Imprinted","Paternally Imprinted","Paternally Imprinted","Paternally Imprinted","Paternally Imprinted","Paternally Imprinted","Paternally Imprinted","Paternally Imprinted","Paternally Imprinted","Paternally Imprinted","Imprinted-same","Maternal","imprinted_brain",0.877485368957126,0.890896428792739,0.884190898874933,"Matches Maternal","Yes","Yes"
"Chrac1",0.0220264317180617,0.271794871794872,0.0714285714285714,-0.0782122905027933,-0.0261194029850746,-0.0546623794212219,-0.272030651340996,0.053030303030303,0.00659340659340659,0.00408163265306122,0.196652719665272,0.121546961325967,"Not Imprinted","Not Imprinted","Not Imprinted","Not Imprinted","Not Imprinted","Not Imprinted","Not Imprinted","Not Imprinted","Not Imprinted","Not Imprinted","Not Imprinted","Not Imprinted","Imprinted","Maternal","imprinted_gene_list",0.0799957968294819,0.110472860472861,0.0952343286511712,"Does Not Match","Yes","Yes"
"Commd1",1,1,1,1,0.499503475670308,1,1,1,0.332608695652174,0.889070146818923,1,1,"Paternally Imprinted","Paternally Imprinted","Paternally Imprinted","Paternally Imprinted","Not Imprinted","Paternally Imprinted","Paternally Imprinted","Paternally Imprinted","Not Imprinted","Paternally Imprinted","Paternally Imprinted","Paternally Imprinted","Imprinted","Maternal","imprinted_gene_list",1,0.777536231884058,0.888768115942029,"Matches Maternal","Yes","No"
"Copg2",0.243348115299335,-0.132467532467532,0.132161089052751,0.266312102737061,-0.0493728315986122,0.449763593380615,0.242600422832981,0.0401630499940055,0.195327102803738,0.191086928358596,-0.220605700712589,0.163159710244912,"Not Imprinted","Not Imprinted","Not Imprinted","Not Imprinted","Not Imprinted","Not Imprinted","Not Imprinted","Not Imprinted","Not Imprinted","Not Imprinted","Not Imprinted","Not Imprinted","Imprinted-flipped","Maternal","imprinted_brain",0.069622037423128,0.0343408734434038,0.0519814554332659,"Does Not Match","Yes","Yes"
"Dact2",0.0385078219013237,-0.512019230769231,-0.023194168323393,-0.0860215053763441,0.0529901589704769,-0.518181818181818,-0.542582417582418,-0.0454217736121125,-0.506289308176101,-0.00537955768081291,0.00554235946159937,0.0625,"Not Imprinted","Not Imprinted","Not Imprinted","Not Imprinted","Not Imprinted","Not Imprinted","Not Imprinted","Not Imprinted","Not Imprinted","Not Imprinted","Not Imprinted","Not Imprinted","Imprinted","Maternal","imprinted_gene_list",-0.00599304863824825,-0.354576770852481,-0.180284909745365,"Does Not Match","Yes","Yes"
"Dcn",0.164835164835165,0.13317191283293,0.220873786407767,0.223562810503903,0.205889337449537,0.299440157361174,0.255411255411255,0.00446428571428571,0.274271844660194,0.0402476780185759,0.279317697228145,0.22588752748979,"Not Imprinted","Not Imprinted","Not Imprinted","Not Imprinted","Not Imprinted","Not Imprinted","Not Imprinted","Not Imprinted","Not Imprinted","Not Imprinted","Not Imprinted","Not Imprinted","Imprinted","Maternal","imprinted_gene_list",0.242922678407279,0.137302681069137,0.190112679738208,"Does Not Match","Yes","Yes"
"Ddc",-0.368715083798883,1,-0.270440251572327,-0.462365591397849,0.0819672131147541,-0.772727272727273,-0.169373549883991,-0.244604316546763,-0.564154786150713,-0.497757847533632,-0.489177489177489,-0.325842696629214,"Not Imprinted","Paternally Imprinted","Not Imprinted","Not Imprinted","Not Imprinted","Maternally Imprinted","Not Imprinted","Not Imprinted","Not Imprinted","Not Imprinted","Not Imprinted","Not Imprinted","Imprinted","Paternal","imprinted_gene_list",-0.425795259068184,0.063746965767508,-0.181024146650338,"Does Not Match","Yes","No"
"Dhcr7",-0.0599721059972106,-0.0861678004535147,0.0289108910891089,-0.10621387283237,-0.129369737177851,-0.147902869757174,-0.111111111111111,-0.0565453137103021,-0.167099117799689,0.058531746031746,-0.0953237410071942,-0.126911314984709,"Not Imprinted","Not Imprinted","Not Imprinted","Not Imprinted","Not Imprinted","Not Imprinted","Not Imprinted","Not Imprinted","Not Imprinted","Not Imprinted","Not Imprinted","Not Imprinted","Imprinted","Maternal","imprinted_gene_list",-0.109482976274758,-0.103270743987835,-0.106376860131296,"Does Not Match","Yes","Yes"
"Dio3",0.079136690647482,1,0.09375,0.402439024390244,-0.352845528455285,-0.107246376811594,0,1,1,1,1,-0.0985915492957746,"Not Imprinted","Paternally Imprinted","Not Imprinted","Not Imprinted","Not Imprinted","Not Imprinted","Not Imprinted","Paternally Imprinted","Paternally Imprinted","Paternally Imprinted","Paternally Imprinted","Not Imprinted","Biallelic","Paternal","imprinted_brain",0.43461582503149,1,0.717307912515745,"Does Not Match","No","Yes"
"Dlk1",-1,-1,-1,-1,-0.98671096345515,-0.971066907775769,-1,-1,-1,1,1,-1,"Maternally Imprinted","Maternally Imprinted","Maternally Imprinted","Maternally Imprinted","Maternally Imprinted","Maternally Imprinted","Maternally Imprinted","Maternally Imprinted","Maternally Imprinted","Paternally Imprinted","Paternally Imprinted","Maternally Imprinted","Imprinted-same","Paternal","imprinted_brain",-0.333333333333333,-1,-0.666666666666667,"Does Not Match","No","Yes"
"Ftx",0.93984962406015,0.937888198757764,0.945525291828794,0.217446270543616,0.121054076310733,-0.150990099009901,0.942973523421589,0.941052631578947,0.945140131186643,0.427609427609428,0.131689717378232,-0.018058690744921,"Paternally Imprinted","Paternally Imprinted","Paternally Imprinted","Not Imprinted","Not Imprinted","Not Imprinted","Paternally Imprinted","Paternally Imprinted","Paternally Imprinted","Not Imprinted","Not Imprinted","Not Imprinted","Imprinted","Paternal","imprinted_gene_list",0.110359099058976,0.941360320507785,0.52585970978338,"Does Not Match","Yes","Yes"
"Gab1",0.0622243998040176,-0.0114114114114114,-0.109956017592963,-0.012817290776577,-0.0328207482212532,-0.00280898876404494,0.0328014184397163,-0.232052427762884,-0.124938271604938,0.00171821305841924,-0.0608435983575961,-0.239699032604801,"Not Imprinted","Not Imprinted","Not Imprinted","Not Imprinted","Not Imprinted","Not Imprinted","Not Imprinted","Not Imprinted","Not Imprinted","Not Imprinted","Not Imprinted","Not Imprinted","Imprinted","Paternal","imprinted_gene_list",-0.104453307246325,-0.122800703593078,-0.113627005419701,"Does Not Match","Yes","Yes"
"Galnt6",-0.482300884955752,0.130784708249497,0.148703956343793,0.311557788944724,0.0478677110530896,0.303317535545024,0.0253521126760563,-0.518518518518518,-0.441176470588235,-0.563636363636364,0.174404015056462,-0.420373027259684,"Not Imprinted","Not Imprinted","Not Imprinted","Not Imprinted","Not Imprinted","Not Imprinted","Not Imprinted","Not Imprinted","Not Imprinted","Not Imprinted","Not Imprinted","Not Imprinted","Imprinted","Paternal","imprinted_gene_list",0.0218629255805007,-0.276303426952419,-0.127220250685959,"Does Not Match","Yes","Yes"
"Gatm",-0.213085234093637,-0.0985349037632864,-0.0492416372324953,-0.064553536915346,0.0647964250248262,-0.0392902408111534,-0.081797473597018,-0.0967029499921123,0.0224759186585801,-0.0900346287033474,-0.13182836463898,0.0739581617525943,"Not Imprinted","Not Imprinted","Not Imprinted","Not Imprinted","Not Imprinted","Not Imprinted","Not Imprinted","Not Imprinted","Not Imprinted","Not Imprinted","Not Imprinted","Not Imprinted","Imprinted","Maternal","imprinted_gene_list",-0.0408079132672439,-0.0575873116989395,-0.0491976124830917,"Does Not Match","Yes","Yes"
"Gm35612",1,1,1,1,1,1,1,1,1,1,0.91304347826087,1,"Paternally Imprinted","Paternally Imprinted","Paternally Imprinted","Paternally Imprinted","Paternally Imprinted","Paternally Imprinted","Paternally Imprinted","Paternally Imprinted","Paternally Imprinted","Paternally Imprinted","Paternally Imprinted","Paternally Imprinted","Imprinted","Maternal","imprinted_gene_list",0.971014492753623,1,0.985507246376812,"Matches Maternal","Yes","Yes"
"Gnai3",0.318655851680185,0.159780985564958,0.125047801147228,0.0899850523168909,0.0859538784067086,0.194541910331384,0.202619134230629,0.132551319648094,0.0780510879848628,0.0254571531014701,0.0640091989267919,0.0626686656671664,"Not Imprinted","Not Imprinted","Not Imprinted","Not Imprinted","Not Imprinted","Not Imprinted","Not Imprinted","Not Imprinted","Not Imprinted","Not Imprinted","Not Imprinted","Not Imprinted","Predicted","Maternal","imprinted_gene_list",0.0722209723036164,0.123461131065972,0.097841051684794,"Does Not Match","Yes","Yes"
"Gnas",-0.190251958311946,-0.338248657579513,-0.127796058098182,-0.0900376799255861,-0.188260312814415,-0.18267282451945,-0.290434427901285,-0.193855419527147,-0.162545073862975,-0.126852875052395,-0.203145764686607,-0.294345946899533,"Not Imprinted","Not Imprinted","Not Imprinted","Not Imprinted","Not Imprinted","Not Imprinted","Not Imprinted","Not Imprinted","Not Imprinted","Not Imprinted","Not Imprinted","Not Imprinted","Imprinted - Isoform Dependent","Maternal","imprinted_gene_list",-0.195843130503909,-0.231549716989878,-0.213696423746894,"Does Not Match","Yes","Yes"
"Grb10",-0.787610619469027,-0.674952198852772,-0.895337773549001,-0.606171335769387,-0.850484183344093,-0.887665198237885,-0.79016393442623,-0.514344262295082,-0.771396710342905,-0.875942028985507,-0.902222222222222,-0.546104360257327,"Maternally Imprinted","Not Imprinted","Maternally Imprinted","Not Imprinted","Maternally Imprinted","Maternally Imprinted","Maternally Imprinted","Not Imprinted","Maternally Imprinted","Maternally Imprinted","Maternally Imprinted","Not Imprinted","Parental Bias II","Maternal","imprinted_brain",-0.684832639416312,-0.65356439049692,-0.669198514956616,"Does Not Match","No","No"
"H13",0.122432210353328,0.0930650377290693,-0.998207349865551,-0.0905806451612903,0.144068853685917,0.0588540316308011,0.0493273542600897,0.164630599185573,-0.999249530956848,-0.997752808988764,-1,0.0704287936014219,"Not Imprinted","Not Imprinted","Maternally Imprinted","Not Imprinted","Not Imprinted","Not Imprinted","Not Imprinted","Not Imprinted","Maternally Imprinted","Maternally Imprinted","Maternally Imprinted","Not Imprinted","Imprinted","Maternal","imprinted_gene_list",-0.340050617186623,-0.247184631347402,-0.293617624267012,"Does Not Match","No","No"
"H19",1,1,1,1,1,1,1,1,1,1,1,1,"Paternally Imprinted","Paternally Imprinted","Paternally Imprinted","Paternally Imprinted","Paternally Imprinted","Paternally Imprinted","Paternally Imprinted","Paternally Imprinted","Paternally Imprinted","Paternally Imprinted","Paternally Imprinted","Paternally Imprinted","Parental Bias II","Maternal","imprinted_brain",1,1,1,"Matches Maternal","Yes","Yes"
"Htr2a",0.410898379970545,-0.0549019607843137,-0.246252676659529,-0.157622739018088,0.0826245443499393,0.421052631578947,0.193248945147679,0.0653095843935539,0.301564722617354,0.0922787193973635,-0.367741935483871,0.0795551753635586,"Not Imprinted","Not Imprinted","Not Imprinted","Not Imprinted","Not Imprinted","Not Imprinted","Not Imprinted","Not Imprinted","Not Imprinted","Not Imprinted","Not Imprinted","Not Imprinted","Imprinted","Maternal","imprinted_gene_list",-0.148603166379467,0.103990782075531,-0.0223061921519677,"Does Not Match","Yes","Yes"
"Hymai",1,1,1,1,-1,1,1,1,1,1,1,1,"Paternally Imprinted","Paternally Imprinted","Paternally Imprinted","Paternally Imprinted","Maternally Imprinted","Paternally Imprinted","Paternally Imprinted","Paternally Imprinted","Paternally Imprinted","Paternally Imprinted","Paternally Imprinted","Paternally Imprinted","Imprinted","Paternal","imprinted_gene_list",1,1,1,"Does Not Match","Yes","Yes"
"Igf2",0.203427818061964,0.177387294267313,0.663282571912014,0.168452546618425,0.213560095879466,0.364899451553931,0.513911620294599,0.186683190626408,0.192479856759176,0.479967293540474,0.424913835548991,0.169822735797689,"Not Imprinted","Not Imprinted","Not Imprinted","Not Imprinted","Not Imprinted","Not Imprinted","Not Imprinted","Not Imprinted","Not Imprinted","Not Imprinted","Not Imprinted","Not Imprinted","Biallelic","Paternal","imprinted_brain",0.254396372655035,0.185516780550966,0.219956576603,"Does Not Match","Yes","Yes"
"Igf2r",0.0453799890650629,0.0578557718672882,0.131350681536555,0.10058651026393,-0.0664502164502165,0.106364801366937,0.0613509605453419,0.232219365895458,0.0153079387682449,0.222057264050901,0.255305466237942,0.289166266602656,"Not Imprinted","Not Imprinted","Not Imprinted","Not Imprinted","Not Imprinted","Not Imprinted","Not Imprinted","Not Imprinted","Not Imprinted","Not Imprinted","Not Imprinted","Not Imprinted","TissueĀDependent","Maternal","imprinted_gene_list",0.215019414368176,0.101794358843664,0.15840688660592,"Does Not Match","Yes","Yes"
"Impact",0.392911502500544,0.604609778832302,0.519161871675171,0.57815971004326,0.469323573268266,0.538939872624241,0.429238952130039,0.625496500851144,0.514031162918482,0.502240652799144,0.604936624416277,0.574227133659071,"Not Imprinted","Not Imprinted","Not Imprinted","Not Imprinted","Not Imprinted","Not Imprinted","Not Imprinted","Not Imprinted","Not Imprinted","Not Imprinted","Not Imprinted","Not Imprinted","Parental Bias II-flipped","Paternal","imprinted_brain",0.585774489372869,0.581379147533976,0.583576818453423,"Does Not Match","Yes","Yes"
"Inpp5f",0.327272727272727,0.0582854155776268,0.143270024772915,0.189948662523642,-0.31145361136295,-0.158329800763035,0.278530163841273,0.0141351837573888,-0.253467099439363,0.0627184466019417,0.190291658168468,-0.0275764539508573,"Not Imprinted","Not Imprinted","Not Imprinted","Not Imprinted","Not Imprinted","Not Imprinted","Not Imprinted","Not Imprinted","Not Imprinted","Not Imprinted","Not Imprinted","Not Imprinted","Imprinted","Paternal","imprinted_gene_list",0.117554622247084,-0.0603488333681158,0.0286028944394842,"Does Not Match","Yes","Yes"
"Jade1",-0.406844106463878,-0.376158122297715,-0.298744769874477,-0.385658223332144,-0.197749196141479,-0.331699346405229,-0.366202484004516,-0.44222833562586,-0.334731323722149,-0.426459143968872,-0.282727272727273,-0.352159468438538,"Not Imprinted","Not Imprinted","Not Imprinted","Not Imprinted","Not Imprinted","Not Imprinted","Not Imprinted","Not Imprinted","Not Imprinted","Not Imprinted","Not Imprinted","Not Imprinted","Imprinted","Paternal","imprinted_gene_list",-0.340181654832652,-0.384372593881908,-0.36227712435728,"Does Not Match","Yes","Yes"
"Jpx",1,1,1,0.292817679558011,0.208860759493671,0.188755020080321,1,1,1,0.378016085790885,0.412213740458015,0.231197771587744,"Paternally Imprinted","Paternally Imprinted","Paternally Imprinted","Not Imprinted","Not Imprinted","Not Imprinted","Paternally Imprinted","Paternally Imprinted","Paternally Imprinted","Not Imprinted","Not Imprinted","Not Imprinted","Imprinted","Paternal","imprinted_gene_list",0.312076397201257,1,0.656038198600628,"Does Not Match","Yes","Yes"
"Kcnk9",0.97741273100616,0.959277756434883,0.967309099780434,0.985476550680787,0.978975250393179,0.991954408313778,0.974376572866621,0.958222811671088,0.988108937476026,0.960291734197731,0.967231021299836,0.98,"Paternally Imprinted","Paternally Imprinted","Paternally Imprinted","Paternally Imprinted","Paternally Imprinted","Paternally Imprinted","Paternally Imprinted","Paternally Imprinted","Paternally Imprinted","Paternally Imprinted","Paternally Imprinted","Paternally Imprinted","Imprinted","Maternal","imprinted_gene_list",0.977569190660208,0.968536501860666,0.973052846260437,"Matches Maternal","Yes","Yes"
"Kcnq1",1,1,1,1,1,1,1,1,1,1,1,1,"Paternally Imprinted","Paternally Imprinted","Paternally Imprinted","Paternally Imprinted","Paternally Imprinted","Paternally Imprinted","Paternally Imprinted","Paternally Imprinted","Paternally Imprinted","Paternally Imprinted","Paternally Imprinted","Paternally Imprinted","Imprinted","Maternal","imprinted_gene_list",1,1,1,"Matches Maternal","Yes","Yes"
"Kcnq1ot1",-0.952212869942981,-1,-1,-0.958005249343832,-0.987031408308004,-0.99719730941704,-0.998032786885246,-0.99912739965096,-0.998161483070323,-1,-0.999116607773852,-0.969343065693431,"Maternally Imprinted","Maternally Imprinted","Maternally Imprinted","Maternally Imprinted","Maternally Imprinted","Maternally Imprinted","Maternally Imprinted","Maternally Imprinted","Maternally Imprinted","Maternally Imprinted","Maternally Imprinted","Maternally Imprinted","Imprinted","Paternal","imprinted_gene_list",-0.975488307603705,-0.999096294240428,-0.987292300922066,"Matches Paternal","Yes","Yes"
"Klf14",1,1,1,1,0.842105263157895,1,1,1,1,1,1,1,"Paternally Imprinted","Paternally Imprinted","Paternally Imprinted","Paternally Imprinted","Paternally Imprinted","Paternally Imprinted","Paternally Imprinted","Paternally Imprinted","Paternally Imprinted","Paternally Imprinted","Paternally Imprinted","Paternally Imprinted","Imprinted","Maternal","imprinted_gene_list",1,1,1,"Matches Maternal","Yes","Yes"
"Maged2",1,1,1,0.111002444987775,0.129032258064516,-0.237687366167024,1,1,1,0.418575063613232,-0.117033603707995,-0.0774513544448684,"Paternally Imprinted","Paternally Imprinted","Paternally Imprinted","Not Imprinted","Not Imprinted","Not Imprinted","Paternally Imprinted","Paternally Imprinted","Paternally Imprinted","Not Imprinted","Not Imprinted","Not Imprinted","Imprinted","Maternal","imprinted_gene_list",-0.0278275043883628,1,0.486086247805819,"Does Not Match","Yes","Yes"
"Magel2",1,1,-1,1,-1,-1,-1,1,-1,1,1,1,"Paternally Imprinted","Paternally Imprinted","Maternally Imprinted","Paternally Imprinted","Maternally Imprinted","Maternally Imprinted","Maternally Imprinted","Paternally Imprinted","Maternally Imprinted","Paternally Imprinted","Paternally Imprinted","Paternally Imprinted","Imprinted-same","Paternal","imprinted_brain",1,0.333333333333333,0.666666666666667,"Does Not Match","Yes","No"
"Magi2",-0.172624503513596,-0.0980293711560186,-0.0785247926592553,-0.159280612683934,-0.129400953420252,-0.223583180987203,-0.118653222902413,-0.179808453949737,-0.107463644140291,-0.164257941456973,-0.107284511947374,-0.108258658270768,"Not Imprinted","Not Imprinted","Not Imprinted","Not Imprinted","Not Imprinted","Not Imprinted","Not Imprinted","Not Imprinted","Not Imprinted","Not Imprinted","Not Imprinted","Not Imprinted","Imprinted","Paternal","imprinted_gene_list",-0.124941260967359,-0.128433823082016,-0.126687542024687,"Does Not Match","Yes","Yes"
"Mcts2",-0.193548387096774,-0.5,-1,-0.26605504587156,-0.0901287553648069,-0.22911051212938,-0.148351648351648,-0.0575342465753425,-1,-0.825,-1,-0.515151515151515,"Not Imprinted","Not Imprinted","Maternally Imprinted","Not Imprinted","Not Imprinted","Not Imprinted","Not Imprinted","Not Imprinted","Maternally Imprinted","Maternally Imprinted","Maternally Imprinted","Not Imprinted","Imprinted","Paternal","imprinted_gene_list",-0.593735520341025,-0.519178082191781,-0.556456801266403,"Does Not Match","No","No"
"Meg3",-0.954687130543196,0.981599951258149,-0.965173384847702,-0.962822034489981,0.99511913451796,0.999254009697874,-0.966339410939691,0.998804542737597,-0.968129202615985,-0.962622067572118,0.999379024528531,-0.966052814879083,"Maternally Imprinted","Paternally Imprinted","Maternally Imprinted","Maternally Imprinted","Paternally Imprinted","Paternally Imprinted","Maternally Imprinted","Paternally Imprinted","Maternally Imprinted","Maternally Imprinted","Paternally Imprinted","Maternally Imprinted","Imprinted","Maternal","imprinted_brain",-0.309831941613511,0.337425097126587,0.013796577756538,"Does Not Match","No","No"
"Mest",-0.911875786823332,-0.913303437967115,-0.997013142174432,-0.931227285434722,-0.984044573888818,-0.995867768595041,-1,-1,-0.993425686780934,-0.943790849673203,-0.954086317722681,-0.988480526604498,"Maternally Imprinted","Maternally Imprinted","Maternally Imprinted","Maternally Imprinted","Maternally Imprinted","Maternally Imprinted","Maternally Imprinted","Maternally Imprinted","Maternally Imprinted","Maternally Imprinted","Maternally Imprinted","Maternally Imprinted","Imprinted-same","Paternal","imprinted_brain",-0.9579313765873,-0.96890970824935,-0.963420542418325,"Matches Paternal","Yes","Yes"
"Mirg",-0.945945945945946,0.988321167883212,-0.953374233128834,-0.953982300884956,0.996228194247996,1,-0.952380952380952,1,-0.984917043740573,-0.963525835866261,1,-0.953296703296703,"Maternally Imprinted","Paternally Imprinted","Maternally Imprinted","Maternally Imprinted","Paternally Imprinted","Paternally Imprinted","Maternally Imprinted","Paternally Imprinted","Maternally Imprinted","Maternally Imprinted","Paternally Imprinted","Maternally Imprinted","Parental Bias II","Maternal","imprinted_brain",-0.30242633472722,0.33446804138088,0.01602085332683,"Does Not Match","No","No"
"Mkrn3",1,1,1,1,1,1,1,1,1,1,1,1,"Paternally Imprinted","Paternally Imprinted","Paternally Imprinted","Paternally Imprinted","Paternally Imprinted","Paternally Imprinted","Paternally Imprinted","Paternally Imprinted","Paternally Imprinted","Paternally Imprinted","Paternally Imprinted","Paternally Imprinted","Imprinted-same","Paternal","imprinted_brain",1,1,1,"Does Not Match","Yes","Yes"
"Nap1l4",0.22158766419189,0.178711823404899,0.129984910541065,0.044022770398482,0.101166847106941,0.0808227716600873,0.146764645846091,-0.0176708537364275,0.217066666666667,0.262122905027933,-0.0182421227197347,0.058303886925795,"Not Imprinted","Not Imprinted","Not Imprinted","Not Imprinted","Not Imprinted","Not Imprinted","Not Imprinted","Not Imprinted","Not Imprinted","Not Imprinted","Not Imprinted","Not Imprinted","Imprinted","Maternal","imprinted_gene_list",0.0280281782015141,0.126035878778379,0.0770320284899468,"Does Not Match","Yes","Yes"
"Nap1l5",-1,-1,-0.991680532445923,-1,-1,-1,-1,-1,-0.995733725634424,-1,-1,-1,"Maternally Imprinted","Maternally Imprinted","Maternally Imprinted","Maternally Imprinted","Maternally Imprinted","Maternally Imprinted","Maternally Imprinted","Maternally Imprinted","Maternally Imprinted","Maternally Imprinted","Maternally Imprinted","Maternally Imprinted","Imprinted-same","Paternal","imprinted_brain",-1,-0.998577908544808,-0.999288954272404,"Matches Paternal","Yes","Yes"
"Ndn",-0.996744791666667,-1,-1,-1,-0.9988126769568,-0.994991188201466,-0.995403864158652,-1,-1,-1,-1,-1,"Maternally Imprinted","Maternally Imprinted","Maternally Imprinted","Maternally Imprinted","Maternally Imprinted","Maternally Imprinted","Maternally Imprinted","Maternally Imprinted","Maternally Imprinted","Maternally Imprinted","Maternally Imprinted","Maternally Imprinted","Imprinted-same","Paternal","imprinted_brain",-1,-1,-1,"Matches Paternal","Yes","Yes"
"Nnat",-1,-0.984975854051154,-1,-0.999877059257438,-0.999403496998844,-0.999042807763893,-0.826016729160658,-0.999817101051669,-0.999613843703239,-0.999526571191857,-0.976869797293004,-0.999335474581903,"Maternally Imprinted","Maternally Imprinted","Maternally Imprinted","Maternally Imprinted","Maternally Imprinted","Maternally Imprinted","Maternally Imprinted","Maternally Imprinted","Maternally Imprinted","Maternally Imprinted","Maternally Imprinted","Maternally Imprinted","Imprinted-same","Paternal","imprinted_brain",-0.992027443710782,-0.994802266268687,-0.993414854989734,"Matches Paternal","Yes","Yes"
"Pde10a",-0.389895138226883,-0.14557715192384,-0.230151032284883,-0.307233521945252,-0.165473755964554,-0.294890947116821,-0.168132016772623,-0.266708780795957,-0.174576414060524,-0.28587962962963,-0.234229485151994,-0.235670453061757,"Not Imprinted","Not Imprinted","Not Imprinted","Not Imprinted","Not Imprinted","Not Imprinted","Not Imprinted","Not Imprinted","Not Imprinted","Not Imprinted","Not Imprinted","Not Imprinted","Imprinted","Maternal","imprinted_gene_list",-0.259044486719668,-0.195620782260107,-0.227332634489887,"Does Not Match","Yes","Yes"
"Peg10",-1,-1,-1,-1,-0.745769508380784,-1,-0.997008674842955,-1,-0.960079840319361,-1,-1,-1,"Maternally Imprinted","Maternally Imprinted","Maternally Imprinted","Maternally Imprinted","Maternally Imprinted","Maternally Imprinted","Maternally Imprinted","Maternally Imprinted","Maternally Imprinted","Maternally Imprinted","Maternally Imprinted","Maternally Imprinted","Imprinted-same","Paternal","imprinted_brain",-1,-0.986693280106454,-0.993346640053227,"Matches Paternal","Yes","Yes"
"Peg12",1,1,1,1,1,1,1,1,1,1,1,1,"Paternally Imprinted","Paternally Imprinted","Paternally Imprinted","Paternally Imprinted","Paternally Imprinted","Paternally Imprinted","Paternally Imprinted","Paternally Imprinted","Paternally Imprinted","Paternally Imprinted","Paternally Imprinted","Paternally Imprinted","Imprinted","Paternal","imprinted_gene_list",1,1,1,"Does Not Match","Yes","Yes"
"Peg13",-0.998365679264556,-0.994534370401514,-0.998673055657943,-0.998560736902706,-0.995791358853817,-0.999087591240876,-0.999058253733351,-0.991303043934623,-0.995027209607806,-0.994524602293748,-0.998602742118592,-0.997163120567376,"Maternally Imprinted","Maternally Imprinted","Maternally Imprinted","Maternally Imprinted","Maternally Imprinted","Maternally Imprinted","Maternally Imprinted","Maternally Imprinted","Maternally Imprinted","Maternally Imprinted","Maternally Imprinted","Maternally Imprinted","Imprinted-same","Paternal","imprinted_brain",-0.998108866529558,-0.993621541314648,-0.995865203922103,"Matches Paternal","Yes","Yes"
"Peg3",-0.999751891824836,-0.999758205887687,-0.999844339806203,-0.998286070426924,-0.991570776076686,-0.999718058361919,-0.999572576508805,-0.997975797579758,-0.999842478340772,-0.999724896836314,-0.999911012235818,-0.998545190034552,"Maternally Imprinted","Maternally Imprinted","Maternally Imprinted","Maternally Imprinted","Maternally Imprinted","Maternally Imprinted","Maternally Imprinted","Maternally Imprinted","Maternally Imprinted","Maternally Imprinted","Maternally Imprinted","Maternally Imprinted","Imprinted-same","Paternal","imprinted_brain",-0.998914090899098,-0.999192160602739,-0.999053125750919,"Matches Paternal","Yes","Yes"
"Peg3os",1,1,1,1,1,1,1,1,1,1,1,1,"Paternally Imprinted","Paternally Imprinted","Paternally Imprinted","Paternally Imprinted","Paternally Imprinted","Paternally Imprinted","Paternally Imprinted","Paternally Imprinted","Paternally Imprinted","Paternally Imprinted","Paternally Imprinted","Paternally Imprinted","Imprinted","Paternal","imprinted_gene_list",1,1,1,"Does Not Match","Yes","Yes"
"Plagl1",-0.889969435954432,-0.94194622888413,-0.952800829875519,-0.939064200217628,-0.971540234492434,-0.916998294485503,-0.933370976849238,-0.937612477504499,-0.941709527308352,-0.914002205071665,-0.923824959481361,-0.951875653863399,"Maternally Imprinted","Maternally Imprinted","Maternally Imprinted","Maternally Imprinted","Maternally Imprinted","Maternally Imprinted","Maternally Imprinted","Maternally Imprinted","Maternally Imprinted","Maternally Imprinted","Maternally Imprinted","Maternally Imprinted","Biallelic","Paternal","imprinted_brain",-0.938254937854129,-0.94042274456566,-0.939338841209895,"Matches Paternal","Yes","Yes"
"Pon2",-0.609022556390977,0.272251308900524,0.279292557111275,0.281512605042017,-0.564774951076321,-0.652021089630931,0.262017603249831,0.356347438752784,-0.538340542666142,0.247945205479452,0.22247882986913,0.318487830139824,"Not Imprinted","Not Imprinted","Not Imprinted","Not Imprinted","Not Imprinted","Not Imprinted","Not Imprinted","Not Imprinted","Not Imprinted","Not Imprinted","Not Imprinted","Not Imprinted","Imprinted","Maternal","imprinted_gene_list",0.27415975501699,0.0300860683290554,0.152122911673023,"Does Not Match","Yes","Yes"
"Pon3",0.195046439628483,0.333333333333333,-0.170068027210884,0.302481556002683,0.367311072056239,0.409921671018277,0.597560975609756,0.470715835140998,0.330258302583026,0.698492462311558,0.463157894736842,0.439301310043668,"Not Imprinted","Not Imprinted","Not Imprinted","Not Imprinted","Not Imprinted","Not Imprinted","Not Imprinted","Not Imprinted","Not Imprinted","Not Imprinted","Not Imprinted","Not Imprinted","Imprinted","Maternal","imprinted_gene_list",0.401646920261064,0.378102490352452,0.389874705306758,"Does Not Match","Yes","Yes"
"Ppp1r9a",0.0311106216618028,-0.0445422837211962,-0.0318603787597475,-0.00257304994536675,0.074107751761764,-0.0247820762192926,-0.044448154950743,-0.0750689192054853,0.0190823082033308,-0.0517504299016904,-0.0412149267064604,-0.0201560062402496,"Not Imprinted","Not Imprinted","Not Imprinted","Not Imprinted","Not Imprinted","Not Imprinted","Not Imprinted","Not Imprinted","Not Imprinted","Not Imprinted","Not Imprinted","Not Imprinted","Imprinted","Maternal","imprinted_gene_list",-0.0213146609640256,-0.0335096315744502,-0.0274121462692379,"Does Not Match","Yes","Yes"
"Prkn",-0.0211480362537764,-0.178356713426854,0,-0.337349397590361,0.238805970149254,-0.25328947368421,-0.0272373540856031,-0.439814814814815,-0.0182450043440487,-0.460869565217391,-0.531531531531532,-0.0430769230769231,"Not Imprinted","Not Imprinted","Not Imprinted","Not Imprinted","Not Imprinted","Not Imprinted","Not Imprinted","Not Imprinted","Not Imprinted","Not Imprinted","Not Imprinted","Not Imprinted","Imprinted","Maternal","imprinted_gene_list",-0.303985950732939,-0.212138844195239,-0.258062397464089,"Does Not Match","Yes","Yes"
"Qpct",-0.143418467583497,-0.131147540983607,0.00544069640914037,-0.0947109471094711,-0.0915208613728129,-0.206081081081081,0.0822281167108753,0.211062590975255,-0.0374414976599064,0.287477954144621,-0.187654320987654,-0.0101925254813137,"Not Imprinted","Not Imprinted","Not Imprinted","Not Imprinted","Not Imprinted","Not Imprinted","Not Imprinted","Not Imprinted","Not Imprinted","Not Imprinted","Not Imprinted","Not Imprinted","Imprinted","Maternal","imprinted_gene_list",-0.0975192645261463,0.0141578507772472,-0.0416807068744495,"Does Not Match","Yes","Yes"
"Rasgrf1",-0.443123366219749,-0.491362387122104,-0.427086839447997,-0.538990524685687,-0.552006538618717,-0.466295752517837,-0.507624789431687,-0.429620922715251,-0.51163944034505,-0.427186583622131,-0.526046304541407,-0.488492735146066,"Not Imprinted","Not Imprinted","Not Imprinted","Not Imprinted","Not Imprinted","Not Imprinted","Not Imprinted","Not Imprinted","Not Imprinted","Not Imprinted","Not Imprinted","Not Imprinted","Parental Bias II-same","Paternal","imprinted_brain",-0.517843188124387,-0.477540916727468,-0.497692052425928,"Does Not Match","Yes","Yes"
"Rian",-0.918982802184367,0.988962574780875,-0.942340453413707,-0.909432429688293,0.997737632956272,0.99822852081488,-0.927427871414692,0.99673456059431,-0.949389781424533,-0.956275780789629,0.99815298132905,-0.898987331045295,"Maternally Imprinted","Paternally Imprinted","Maternally Imprinted","Maternally Imprinted","Paternally Imprinted","Paternally Imprinted","Maternally Imprinted","Paternally Imprinted","Maternally Imprinted","Maternally Imprinted","Paternally Imprinted","Maternally Imprinted","Imprinted","Maternal","imprinted_brain",-0.270088926468179,0.345435784650217,0.037673429091019,"Does Not Match","No","No"
"Rtl1",1,1,1,1,-1,1,1,1,1,1,1,1,"Paternally Imprinted","Paternally Imprinted","Paternally Imprinted","Paternally Imprinted","Maternally Imprinted","Paternally Imprinted","Paternally Imprinted","Paternally Imprinted","Paternally Imprinted","Paternally Imprinted","Paternally Imprinted","Paternally Imprinted","Imprinted","Maternal","imprinted_brain",1,1,1,"Matches Maternal","Yes","Yes"
"Sall1",-0.132850241545894,-0.10874897792314,-0.129353233830846,-0.00383141762452107,-0.119005328596803,-0.0827250608272506,-0.930990415335463,-0.920314253647587,-0.204228329809725,-0.0463144161774299,-0.0270588235294118,-0.942215088282504,"Not Imprinted","Not Imprinted","Not Imprinted","Not Imprinted","Not Imprinted","Not Imprinted","Maternally Imprinted","Maternally Imprinted","Not Imprinted","Not Imprinted","Not Imprinted","Maternally Imprinted","Imprinted","Paternal","imprinted_gene_list",-0.324368443145479,-0.411097187126817,-0.367732815136148,"Does Not Match","No","No"
"Sfmbt2",0.20073664825046,0.228985507246377,-0.162790697674419,-0.291839557399723,-0.277701778385773,-0.386473429951691,-0.0112640801001252,0.0678466076696165,-0.370892018779343,-0.362146050670641,-0.38401559454191,0.173038229376258,"Not Imprinted","Not Imprinted","Not Imprinted","Not Imprinted","Not Imprinted","Not Imprinted","Not Imprinted","Not Imprinted","Not Imprinted","Not Imprinted","Not Imprinted","Not Imprinted","Imprinted","Paternal","imprinted_gene_list",-0.167605640855125,-0.0246866346211165,-0.0961461377381208,"Does Not Match","Yes","Yes"
"Sgce",-1,-1,-1,-0.996784565916399,-0.99904671115348,-1,-0.994495412844037,-0.998323554065381,-1,-0.995184590690209,-1,-0.99843137254902,"Maternally Imprinted","Maternally Imprinted","Maternally Imprinted","Maternally Imprinted","Maternally Imprinted","Maternally Imprinted","Maternally Imprinted","Maternally Imprinted","Maternally Imprinted","Maternally Imprinted","Maternally Imprinted","Maternally Imprinted","Imprinted-same","Paternal","imprinted_brain",-0.998405312821806,-0.99944118468846,-0.998923248755133,"Matches Paternal","Yes","Yes"
"Slc22a18",1,1,1,1,0.584905660377358,1,1,1,1,1,1,1,"Paternally Imprinted","Paternally Imprinted","Paternally Imprinted","Paternally Imprinted","Not Imprinted","Paternally Imprinted","Paternally Imprinted","Paternally Imprinted","Paternally Imprinted","Paternally Imprinted","Paternally Imprinted","Paternally Imprinted","Imprinted","Maternal","imprinted_gene_list",1,1,1,"Matches Maternal","Yes","Yes"
"Slc22a2",1,1,1,1,1,1,1,1,1,1,1,1,"Paternally Imprinted","Paternally Imprinted","Paternally Imprinted","Paternally Imprinted","Paternally Imprinted","Paternally Imprinted","Paternally Imprinted","Paternally Imprinted","Paternally Imprinted","Paternally Imprinted","Paternally Imprinted","Paternally Imprinted","Imprinted","Maternal","imprinted_gene_list",1,1,1,"Matches Maternal","Yes","Yes"
"Slc22a3",1,1,1,1,0.407407407407407,1,1,1,1,1,1,1,"Paternally Imprinted","Paternally Imprinted","Paternally Imprinted","Paternally Imprinted","Not Imprinted","Paternally Imprinted","Paternally Imprinted","Paternally Imprinted","Paternally Imprinted","Paternally Imprinted","Paternally Imprinted","Paternally Imprinted","Imprinted","Maternal","imprinted_gene_list",1,1,1,"Matches Maternal","Yes","Yes"
"Slc38a4",1,1,1,-0.40983606557377,-0.236111111111111,0.608247422680412,0.389830508474576,-0.183673469387755,-0.0377358490566038,1,1,-0.2,"Paternally Imprinted","Paternally Imprinted","Paternally Imprinted","Not Imprinted","Not Imprinted","Not Imprinted","Not Imprinted","Not Imprinted","Not Imprinted","Paternally Imprinted","Paternally Imprinted","Not Imprinted","Imprinted","Paternal","imprinted_gene_list",0.130054644808743,0.259530227185214,0.194792435996978,"Does Not Match","No","No"
"Smoc1",0.21981981981982,0.369426751592357,0.106161841128434,0.08300395256917,0.116799204771372,0.265432098765432,0.343511450381679,0.198686371100164,0.406188281764319,0.182222222222222,0.283987915407855,0.263414634146341,"Not Imprinted","Not Imprinted","Not Imprinted","Not Imprinted","Not Imprinted","Not Imprinted","Not Imprinted","Not Imprinted","Not Imprinted","Not Imprinted","Not Imprinted","Not Imprinted","Imprinted","Paternal","imprinted_gene_list",0.210135500707789,0.324767134818947,0.267451317763368,"Does Not Match","Yes","Yes"
"Smoc2",-0.0720461095100865,0.127272727272727,0.0708349821923229,0.0622261174408414,-0.0101806239737274,0.00759493670886076,0.109358930407953,-0.0560109289617486,0.0363423212192263,-0.00874794969928923,0.065231158961368,0.125486381322957,"Not Imprinted","Not Imprinted","Not Imprinted","Not Imprinted","Not Imprinted","Not Imprinted","Not Imprinted","Not Imprinted","Not Imprinted","Not Imprinted","Not Imprinted","Not Imprinted","Imprinted","Maternal","imprinted_gene_list",0.0843145525750555,0.0358680398434016,0.0600912962092285,"Does Not Match","Yes","Yes"
"Snrpn",-0.92156862745098,-1,-0.92,-1,-0.96551724137931,-0.89937106918239,-0.969230769230769,-1,-0.935828877005348,-1,-0.954198473282443,-0.962732919254658,"Maternally Imprinted","Maternally Imprinted","Maternally Imprinted","Maternally Imprinted","Maternally Imprinted","Maternally Imprinted","Maternally Imprinted","Maternally Imprinted","Maternally Imprinted","Maternally Imprinted","Maternally Imprinted","Maternally Imprinted","Imprinted","Paternal","imprinted_gene_list",-0.972310464179034,-0.978609625668449,-0.975460044923741,"Matches Paternal","Yes","Yes"
"Snx14",0.092093023255814,-0.13722957701001,-0.0885311871227364,-0.0359085963003264,0.0658783783783784,0.00425129900803023,-0.0590148698884758,-0.175740868366644,-0.251012753188297,0.0245524296675192,-0.146579804560261,0.0850806451612903,"Not Imprinted","Not Imprinted","Not Imprinted","Not Imprinted","Not Imprinted","Not Imprinted","Not Imprinted","Not Imprinted","Not Imprinted","Not Imprinted","Not Imprinted","Not Imprinted","Imprinted","Paternal","imprinted_gene_list",-0.0324692518997657,-0.18799439952165,-0.110231825710708,"Does Not Match","Yes","Yes"
"Th",1,1,1,1,-0.207920792079208,1,1,1,1,1,1,1,"Paternally Imprinted","Paternally Imprinted","Paternally Imprinted","Paternally Imprinted","Not Imprinted","Paternally Imprinted","Paternally Imprinted","Paternally Imprinted","Paternally Imprinted","Paternally Imprinted","Paternally Imprinted","Paternally Imprinted","Imprinted","Maternal","imprinted_gene_list",1,1,1,"Matches Maternal","Yes","Yes"
"Thbs2",-0.478753541076487,-0.125874125874126,-0.276381909547739,-0.174757281553398,-0.302383939774153,0.0753246753246753,0.322314049586777,-0.0236051502145923,-0.00677637947725073,-0.237410071942446,-0.140425531914894,-0.357823129251701,"Not Imprinted","Not Imprinted","Not Imprinted","Not Imprinted","Not Imprinted","Not Imprinted","Not Imprinted","Not Imprinted","Not Imprinted","Not Imprinted","Not Imprinted","Not Imprinted","Imprinted","Maternal","imprinted_gene_list",-0.224335314239998,-0.0520852185219897,-0.138210266380994,"Does Not Match","Yes","Yes"
"Tnfrsf22",0.441860465116279,1,0.288135593220339,1,-0.4,1,1,1,0.309352517985612,0,0.464788732394366,1,"Not Imprinted","Paternally Imprinted","Not Imprinted","Paternally Imprinted","Not Imprinted","Paternally Imprinted","Paternally Imprinted","Paternally Imprinted","Not Imprinted","Not Imprinted","Not Imprinted","Paternally Imprinted","Imprinted","Maternal","imprinted_gene_list",0.821596244131455,0.769784172661871,0.795690208396663,"Matches Maternal","No","No"
"Tnfrsf23",1,1,1,1,1,1,1,1,1,1,1,1,"Paternally Imprinted","Paternally Imprinted","Paternally Imprinted","Paternally Imprinted","Paternally Imprinted","Paternally Imprinted","Paternally Imprinted","Paternally Imprinted","Paternally Imprinted","Paternally Imprinted","Paternally Imprinted","Paternally Imprinted","Imprinted","Maternal","imprinted_gene_list",1,1,1,"Matches Maternal","Yes","Yes"
"Trappc9",-0.60744763382467,-0.505955006616674,-0.5187470336972,-0.482472912683238,-0.506510787947914,-0.532179465636028,-0.520592318371125,-0.565143536606081,-0.522974665253829,-0.642151481888035,-0.560699770277434,-0.505577244841048,"Not Imprinted","Not Imprinted","Not Imprinted","Not Imprinted","Not Imprinted","Not Imprinted","Not Imprinted","Not Imprinted","Not Imprinted","Not Imprinted","Not Imprinted","Not Imprinted","Imprinted-flipped","Maternal","imprinted_brain",-0.516249975933907,-0.531357736158861,-0.523803856046384,"Does Not Match","Yes","Yes"
"Tsix",1,1,1,1,1,1,1,1,1,1,1,1,"Paternally Imprinted","Paternally Imprinted","Paternally Imprinted","Paternally Imprinted","Paternally Imprinted","Paternally Imprinted","Paternally Imprinted","Paternally Imprinted","Paternally Imprinted","Paternally Imprinted","Paternally Imprinted","Paternally Imprinted","Imprinted","Maternal","imprinted_gene_list",1,1,1,"Matches Maternal","Yes","Yes"
"Tssc4",-0.0825688073394495,0.352941176470588,-0.0737279335410177,-0.0249396621078037,0.039460020768432,-0.0256410256410256,0.158586688578472,-0.0674373795761079,0.0707456978967495,-0.16597510373444,0.126843657817109,0,"Not Imprinted","Not Imprinted","Not Imprinted","Not Imprinted","Not Imprinted","Not Imprinted","Not Imprinted","Not Imprinted","Not Imprinted","Not Imprinted","Not Imprinted","Not Imprinted","Imprinted","Maternal","imprinted_gene_list",0.0339679985697684,0.118749831597077,0.0763589150834225,"Does Not Match","Yes","Yes"
"Ube3a",0.112355617780889,0.101397256761954,0.0769164955509925,-0.0514513516880528,0.100049932984678,0.121106312597629,0.0623900175971845,-0.0965734541157936,0.0517619008012421,0.0306425041186161,0.0424025018395879,-0.0957507895492392,"Not Imprinted","Not Imprinted","Not Imprinted","Not Imprinted","Not Imprinted","Not Imprinted","Not Imprinted","Not Imprinted","Not Imprinted","Not Imprinted","Not Imprinted","Not Imprinted","Parental Bias II - Maternal Expression","Maternal","imprinted_brain",-0.034933213132568,0.0188619011491342,-0.00803565599171693,"Does Not Match","Yes","Yes"
"Usp29",-0.778167470407716,-0.874634350188048,-0.865306989589972,-0.867469879518072,-0.895829926410466,-0.872037914691943,-0.874843554443054,-0.874892887746358,-0.763294934511599,-0.857482185273159,-0.866869300911854,-0.783881134624043,"Maternally Imprinted","Maternally Imprinted","Maternally Imprinted","Maternally Imprinted","Maternally Imprinted","Maternally Imprinted","Maternally Imprinted","Maternally Imprinted","Maternally Imprinted","Maternally Imprinted","Maternally Imprinted","Maternally Imprinted","Parental Bias II","Paternal","imprinted_brain",-0.839406771684656,-0.837607390815335,-0.838507081249996,"Matches Paternal","Yes","Yes"
"Xlr3b",1,1,1,0.789473684210526,0.97752808988764,1,1,1,1,1,1,1,"Paternally Imprinted","Paternally Imprinted","Paternally Imprinted","Paternally Imprinted","Paternally Imprinted","Paternally Imprinted","Paternally Imprinted","Paternally Imprinted","Paternally Imprinted","Paternally Imprinted","Paternally Imprinted","Paternally Imprinted","Imprinted","Maternal","imprinted_gene_list",0.929824561403509,1,0.964912280701754,"Matches Maternal","Yes","Yes"
"Zdbf2",-0.998209489704566,-0.99616122840691,-0.99406663623916,-0.998653198653199,-0.997797356828194,-1,-1,-0.998329853862213,-1,-0.992598684210526,-0.992836676217765,-1,"Maternally Imprinted","Maternally Imprinted","Maternally Imprinted","Maternally Imprinted","Maternally Imprinted","Maternally Imprinted","Maternally Imprinted","Maternally Imprinted","Maternally Imprinted","Maternally Imprinted","Maternally Imprinted","Maternally Imprinted","Imprinted-same","Paternal","imprinted_brain",-0.997163291623655,-0.998163694089708,-0.997663492856681,"Matches Paternal","Yes","Yes"
"Zfp64",0.239057239057239,0.278606965174129,0.222222222222222,0.252427184466019,0.245005257623554,0.204737732656514,0.136283185840708,0.0769230769230769,0.0271398747390397,0.153310104529617,-0.131914893617021,0.19551282051282,"Not Imprinted","Not Imprinted","Not Imprinted","Not Imprinted","Not Imprinted","Not Imprinted","Not Imprinted","Not Imprinted","Not Imprinted","Not Imprinted","Not Imprinted","Not Imprinted","Imprinted","Paternal","imprinted_gene_list",0.105341703787273,0.127556638945415,0.116449171366344,"Does Not Match","Yes","Yes"
"Zim1",0.514792899408284,0.0441176470588235,0.113122171945701,0.141732283464567,0.635693215339233,0.206896551724138,0.2875,-0.0705882352941176,0.0728862973760933,-0.21505376344086,-0.198347107438017,0.0909090909090909,"Not Imprinted","Not Imprinted","Not Imprinted","Not Imprinted","Not Imprinted","Not Imprinted","Not Imprinted","Not Imprinted","Not Imprinted","Not Imprinted","Not Imprinted","Not Imprinted","Imprinted","Maternal","imprinted_gene_list",0.0114314223118803,0.0154719030469331,0.0134516626794067,"Does Not Match","Yes","Yes"
"Zim3",1,1,1,1,1,1,1,1,1,1,1,1,"Paternally Imprinted","Paternally Imprinted","Paternally Imprinted","Paternally Imprinted","Paternally Imprinted","Paternally Imprinted","Paternally Imprinted","Paternally Imprinted","Paternally Imprinted","Paternally Imprinted","Paternally Imprinted","Paternally Imprinted","Imprinted","Maternal","imprinted_gene_list",1,1,1,"Matches Maternal","Yes","Yes"
"Zrsr1",-1,-1,-1,-1,-0.998892580287929,-1,-1,-0.99852652259332,-0.998484389208851,-1,-1,-0.997998799279568,"Maternally Imprinted","Maternally Imprinted","Maternally Imprinted","Maternally Imprinted","Maternally Imprinted","Maternally Imprinted","Maternally Imprinted","Maternally Imprinted","Maternally Imprinted","Maternally Imprinted","Maternally Imprinted","Maternally Imprinted","N/A","Paternal","imprinted_brain",-0.999332933093189,-0.99900363726739,-0.99916828518029,"Matches Paternal","Yes","Yes"
