Gene_Name,Overall_Expression_Status,Data_Matching,WT_M1,WT_M2,WT_M3,WT_F1,WT_F2,WT_F3,HT_F1,HT_F2,HT_F3,KO_M1,KO_M2,KO_M3,Total_SNPs,Avg_SNPs,SNP_Bin
Asb4,Maternal,Yes,0,0,0,0,0,0,0,0,0,0,0,0,0,0,"[0,10)"
Ascl2,Maternal,Yes,0,0,0,0,0,0,0,0,0,0,0,0,0,0,"[0,10)"
Fkbp6,Maternal,No,0,0,0,0,0,0,0,0,0,0,0,0,0,0,"[0,10)"
Fthl17a,Not Imprinted,No,0,0,0,0,0,0,0,0,0,0,0,0,0,0,"[0,10)"
Fthl17b,Not Imprinted,No,0,0,0,0,0,0,0,0,0,0,0,0,0,0,"[0,10)"
Fthl17f,Not Imprinted,No,0,0,0,0,0,0,0,0,0,0,0,0,0,0,"[0,10)"
H19,Maternal,Yes,0,0,0,0,0,0,0,0,0,0,0,0,0,0,"[0,10)"
Ins2,Maternal,No,0,0,0,0,0,0,0,0,0,0,0,0,0,0,"[0,10)"
Kcnq1,Maternal,Yes,0,0,0,0,0,0,0,0,0,0,0,0,0,0,"[0,10)"
Mir296,Not Imprinted,No,0,0,0,0,0,0,0,0,0,0,0,0,0,0,"[0,10)"
Mkrn3,Maternal,No,0,0,0,0,0,0,0,0,0,0,0,0,0,0,"[0,10)"
Nctc1,Not Imprinted,No,0,0,0,0,0,0,0,0,0,0,0,0,0,0,"[0,10)"
Peg12,Maternal,No,0,0,0,0,0,0,0,0,0,0,0,0,0,0,"[0,10)"
Peg3os,Maternal,No,0,0,0,0,0,0,0,0,0,0,0,0,0,0,"[0,10)"
Phlda2,Not Imprinted,No,0,0,0,0,0,0,0,0,0,0,0,0,0,0,"[0,10)"
Platr20,Not Imprinted,No,0,0,0,0,0,0,0,0,0,0,0,0,0,0,"[0,10)"
Slc22a2,Maternal,Yes,0,0,0,0,0,0,0,0,0,0,0,0,0,0,"[0,10)"
Tfpi2,Maternal,Yes,0,0,0,0,0,0,0,0,0,0,0,0,0,0,"[0,10)"
Tnfrsf23,Maternal,Yes,0,0,0,0,0,0,0,0,0,0,0,0,0,0,"[0,10)"
Tnfrsf26,Not Imprinted,No,0,0,0,0,0,0,0,0,0,0,0,0,0,0,"[0,10)"
Tsix,Maternal,Yes,0,0,0,0,0,0,0,0,0,0,0,0,0,0,"[0,10)"
Wt1,Not Imprinted,No,0,0,0,0,0,0,0,0,0,0,0,0,0,0,"[0,10)"
Zim2,Maternal,Yes,0,0,0,0,0,0,0,0,0,0,0,0,0,0,"[0,10)"
Zim3,Maternal,Yes,0,0,0,0,0,0,0,0,0,0,0,0,0,0,"[0,10)"
Rtl1,Inconsistent,Inconsistent,0,0,0,0,0,0,1,0,0,0,0,0,1,0,"[0,10)"
Slc22a18,Maternal,Yes,0,0,0,0,0,0,1,0,0,0,0,0,1,0,"[0,10)"
Slc22a3,Maternal,Yes,0,0,0,0,0,0,1,0,0,0,0,0,1,0,"[0,10)"
Hymai,Inconsistent,Inconsistent,0,0,0,0,0,0,2,0,0,0,0,0,2,0,"[0,10)"
Klf14,Maternal,Yes,0,0,0,0,0,0,2,0,0,0,0,0,2,0,"[0,10)"
Th,Maternal,Yes,0,0,0,0,0,0,2,0,0,0,0,0,2,0,"[0,10)"
Commd1,Maternal,Yes,0,1,0,0,1,0,1,0,1,0,0,0,4,0,"[0,10)"
Calcr,Maternal,Yes,0,0,0,0,0,0,5,0,0,0,0,0,5,0,"[0,10)"
Dio3,Maternal,No,0,0,0,1,0,1,1,1,0,1,1,1,7,1,"[0,10)"
Tnfrsf22,Maternal,Yes,0,2,0,0,1,0,1,0,1,1,3,0,9,1,"[0,10)"
Mcts2,Paternal,Yes,1,1,1,1,1,1,1,1,1,1,1,1,12,1,"[0,10)"
Nap1l5,Paternal,Yes,1,1,1,1,1,1,1,1,1,1,1,1,12,1,"[0,10)"
Ndn,Paternal,Yes,1,1,1,1,1,1,1,1,1,1,1,1,12,1,"[0,10)"
Gm35612,Maternal,Yes,2,1,1,1,1,1,1,0,1,1,2,2,14,1,"[0,10)"
Magel2,Inconsistent,Inconsistent,0,2,0,0,0,0,5,2,0,0,4,2,15,1,"[0,10)"
Slc38a4,Maternal,No,2,4,0,1,0,3,8,1,0,0,0,2,21,2,"[0,10)"
Cdkn1c,Maternal,Yes,2,2,2,2,2,2,2,2,2,2,2,2,24,2,"[0,10)"
Htr2a,Not Imprinted,No,2,2,2,2,2,2,2,2,2,2,2,2,24,2,"[0,10)"
Chrac1,Not Imprinted,No,3,2,2,3,2,4,3,2,2,3,2,3,31,3,"[0,10)"
Ano1,Maternal,Yes,3,10,0,4,1,6,9,3,5,2,2,2,47,4,"[0,10)"
Maged2,Maternal,Yes,4,4,3,3,3,3,7,4,3,4,5,4,47,4,"[0,10)"
Tssc4,Not Imprinted,No,4,4,4,4,4,4,4,4,4,4,4,4,48,4,"[0,10)"
Cdh15,Inconsistent,Inconsistent,0,4,3,4,3,4,9,0,5,0,9,8,49,4,"[0,10)"
Xlr3b,Maternal,Yes,0,8,0,1,0,4,12,1,9,2,8,8,53,4,"[0,10)"
Copg2,Not Imprinted,No,3,8,2,3,4,6,13,2,1,2,7,6,57,5,"[0,10)"
Ddc,Inconsistent,Inconsistent,4,6,0,6,5,6,6,4,4,6,6,6,59,5,"[0,10)"
Qpct,Not Imprinted,No,7,6,6,6,6,7,6,6,7,6,6,7,76,6,"[0,10)"
Mest,Paternal,Yes,1,2,1,10,4,13,33,3,1,8,3,2,81,7,"[0,10)"
Nnat,Paternal,Yes,7,7,7,7,7,7,7,7,5,7,7,7,82,7,"[0,10)"
Dlk1,Inconsistent,Inconsistent,2,7,4,9,0,9,14,9,0,11,11,9,85,7,"[0,10)"
Inpp5f,Not Imprinted,No,6,11,5,7,7,6,19,6,6,8,6,6,93,8,"[0,10)"
Igf2,Not Imprinted,No,8,8,8,8,8,8,8,8,8,8,7,8,95,8,"[0,10)"
Sgce,Paternal,Yes,5,8,5,10,5,10,24,6,6,6,8,7,100,8,"[0,10)"
Pon2,Not Imprinted,No,8,9,9,8,8,9,9,8,9,8,8,8,101,8,"[0,10)"
Ccdc40,Maternal,No,8,17,3,18,4,7,21,13,0,7,3,2,103,9,"[0,10)"
Dcn,Not Imprinted,No,9,9,9,9,9,9,9,9,9,9,10,9,109,9,"[0,10)"
Zim1,Not Imprinted,No,3,13,4,13,7,13,22,9,7,4,11,6,112,9,"[0,10)"
Zrsr1,Paternal,Yes,9,11,8,9,8,10,13,8,9,7,12,8,112,9,"[0,10)"
Peg10,Paternal,Yes,9,10,9,9,9,9,13,9,9,9,9,9,113,9,"[0,10)"
Smoc1,Not Imprinted,No,9,11,10,11,10,11,11,10,8,11,11,11,124,10,"[10,20)"
Pon3,Not Imprinted,No,19,18,18,21,4,22,20,10,2,8,1,1,144,12,"[10,20)"
Begain,Not Imprinted,No,12,12,13,9,10,11,41,11,10,10,12,9,160,13,"[10,20)"
Sall1,Paternal,Yes,14,14,14,14,14,15,15,14,14,16,15,15,174,14,"[10,20)"
Dhcr7,Not Imprinted,No,11,17,11,16,17,17,33,10,14,7,10,12,175,15,"[10,20)"
Jpx,Maternal,No,10,22,11,21,9,19,28,9,14,11,14,12,180,15,"[10,20)"
Zfp64,Not Imprinted,No,18,17,11,19,13,14,21,16,20,11,12,15,187,16,"[10,20)"
Prkn,Not Imprinted,No,14,27,14,10,10,14,43,10,10,20,13,12,197,16,"[10,20)"
Axl,Not Imprinted,No,16,17,16,16,16,16,20,16,16,16,17,16,198,16,"[10,20)"
Aqp1,Maternal,Yes,25,23,23,26,0,26,26,22,8,23,0,0,202,17,"[10,20)"
Dact2,Not Imprinted,No,17,16,16,17,16,16,27,16,16,14,16,16,203,17,"[10,20)"
Kcnk9,Maternal,Yes,17,17,17,17,17,17,17,17,17,17,17,17,204,17,"[10,20)"
Ampd3,Not Imprinted,No,17,17,16,17,17,19,24,17,16,17,20,19,216,18,"[10,20)"
Usp29,Paternal,Yes,16,17,16,16,15,19,39,16,16,18,16,16,220,18,"[10,20)"
Thbs2,Not Imprinted,No,32,34,25,31,1,28,30,16,7,10,4,15,233,19,"[10,20)"
Igf2r,Not Imprinted,No,17,22,18,28,18,17,39,16,17,21,24,18,255,21,"[20,30)"
Jade1,Not Imprinted,No,19,23,18,22,23,24,38,18,18,20,18,18,259,22,"[20,30)"
Impact,Not Imprinted,No,18,31,15,25,29,20,31,21,15,14,24,18,261,22,"[20,30)"
Nap1l4,Not Imprinted,No,15,25,14,21,23,29,64,7,15,14,21,13,261,22,"[20,30)"
Smoc2,Not Imprinted,No,21,20,24,21,24,22,25,19,21,24,25,20,266,22,"[20,30)"
Sfmbt2,Not Imprinted,No,21,21,18,22,16,33,39,7,23,16,23,30,269,22,"[20,30)"
Cd81,Not Imprinted,No,11,21,23,27,25,36,40,20,10,15,29,17,274,23,"[20,30)"
Grb10,Paternal,No,13,16,11,12,13,22,118,12,13,18,16,14,278,23,"[20,30)"
Zdbf2,Paternal,Yes,21,22,18,23,23,23,27,24,24,24,29,24,282,24,"[20,30)"
Gnai3,Not Imprinted,No,22,27,20,26,25,28,40,22,26,23,21,23,303,25,"[20,30)"
Galnt6,Not Imprinted,No,28,27,27,42,30,25,28,25,25,24,27,27,335,28,"[20,30)"
Snx14,Not Imprinted,No,20,37,30,18,38,42,74,31,15,24,37,23,389,32,"[30,40)"
Gab1,Not Imprinted,No,36,39,31,39,36,37,37,27,27,34,28,30,401,33,"[30,40)"
Gatm,Not Imprinted,No,38,48,29,55,35,40,46,18,30,14,35,20,408,34,"[30,40)"
Peg13,Paternal,Yes,35,35,35,35,35,35,35,35,35,35,35,35,420,35,"[30,40)"
Xist,Maternal,No,0,0,0,79,74,75,77,74,75,0,0,0,454,38,"[30,40)"
Plagl1,Paternal,Yes,27,39,38,37,30,48,77,29,27,30,56,34,472,39,"[30,40)"
Ube3a,Not Imprinted,No,37,49,29,39,32,46,74,25,42,28,37,38,476,40,"[40,50)"
Gnas,Not Imprinted,No,35,46,41,52,42,46,56,37,31,30,42,38,496,41,"[40,50)"
Blcap,Not Imprinted,No,45,44,42,44,43,43,45,43,41,38,44,43,515,43,"[40,50)"
Snrpn,Paternal,Yes,39,63,47,46,45,62,123,42,37,31,53,51,639,53,"[50,60)"
Peg3,Paternal,Yes,68,77,72,80,76,80,99,67,67,74,72,74,906,76,"[70,80)"
Ftx,Maternal,No,72,76,66,73,82,83,111,79,67,68,73,71,921,77,"[70,80)"
Ppp1r9a,Not Imprinted,No,65,101,79,72,63,69,183,66,60,69,93,57,977,81,"[80,90)"
H13,Paternal,No,67,99,72,86,98,92,153,82,86,73,86,71,1065,89,"[80,90)"
Pde10a,Not Imprinted,No,64,97,105,53,74,77,393,50,44,123,71,57,1208,101,"[100,110)"
Adam23,Not Imprinted,No,122,180,98,94,107,164,239,59,71,58,83,71,1346,112,"[110,120)"
Rasgrf1,Not Imprinted,No,113,138,116,102,111,113,159,104,105,100,146,111,1418,118,"[110,120)"
Meg3,Inconsistent,Inconsistent,124,126,136,124,138,132,140,132,110,125,117,124,1528,127,"[120,130)"
Mirg,Inconsistent,Inconsistent,139,130,141,132,141,137,145,141,110,111,134,135,1596,133,"[130,140)"
Kcnq1ot1,Paternal,Yes,168,192,179,134,141,176,245,115,106,126,177,76,1835,153,"[150,160)"
Trappc9,Not Imprinted,No,170,220,140,179,154,193,230,165,167,99,192,177,2086,174,"[170,180)"
Rian,Inconsistent,Inconsistent,317,287,348,255,359,311,391,349,220,239,291,271,3638,303,"[300,310)"
Magi2,Not Imprinted,No,372,776,373,217,209,350,1159,160,232,250,404,156,4658,388,"[380,390)"
